"","qID","cID1","cID2","cID3","cID4","cID5","cID6","cID7"
"1",1,0.0726159230096238,0.0848643919510061,0.244969378827647,0.0647419072615923,0.332458442694663,0.0778652668416448,0.122484689413823
"2",2,0.10230179028133,0.151747655583973,0.170502983802217,0.0852514919011083,0.11849957374254,0.192668371696505,0.179028132992327
"3",3,0.0363511659807956,0.152263374485597,0.147462277091907,0.0507544581618656,0.155692729766804,0.399862825788752,0.0576131687242798
"4",4,0.1241890639481,0.100092678405931,0.199258572752549,0.116774791473587,0.189063948100093,0.13531047265987,0.13531047265987
"5",5,0.14602903501281,0.253629376601196,0.0777113578138343,0.0964987190435525,0.127241673783091,0.139197267292912,0.159692570452605
"6",6,0.159821428571429,0.126785714285714,0.129464285714286,0.0928571428571429,0.149107142857143,0.188392857142857,0.153571428571429
"7",7,0.171662125340599,0.161671207992734,0.138056312443233,0.152588555858311,0.0835603996366939,0.0944595821980018,0.198001816530427
"8",8,0.129285714285714,0.191428571428571,0.055,0.0457142857142857,0.269285714285714,0.238571428571429,0.0707142857142857
